{
    "pages": [ //pages数组中第一项表示应用启动页,
        {
            "path": "pages/main/main",
            "style": {
                "navigationBarTitleText": "今日推荐"
            }
        }, {
            "path": "pages/login/login",
            "style": {
                "navigationBarTitleText": "登录"
            }
        }, {
            "path": "pages/reg/reg",
            "style": {
                "navigationBarTitleText": "注册"
            }
        }, {
            "path": "pages/pwd/pwd",
            "style": {
                "navigationBarTitleText": "找回密码"
            }
        }, {
            "path": "pages/user/user",
            "style": {
                "navigationBarTitleText": "个人中心"
            }
        }
        ,{
            "path" : "pages/main/search/search",
            "style" : {
                //去掉本页导航栏
                "navigationStyle":"custom",
                "app-plus":{
                    "titleView":false
                }
            }
        }
        ,{
            "path" : "pages/main/ScanQR/ScanQR",
            "style" : {
                "navigationBarTitleText": "扫一扫"
            }
        }
        ,{
            "path" : "pages/main/article/article",
            "style" : {
                 "navigationBarTitleText": "文章"
            }
        }
        ,{
            "path" : "pages/collection/collection",
            "style" : {
                "navigationBarTitleText": "收藏"
            }
        }
        ,{
            "path" : "pages/publish/publish",
            "style" : {
                "navigationBarTitleText": "发布"
            }
        }
        ,{
            "path" : "pages/information/information",
            "style" : {
                "navigationBarTitleText": "消息"
            }
        }
        ,{
            "path" : "pages/main/active/active",
            "style" : {
                "navigationBarTitleText": "活动"
            }
        }
        ,{
            "path" : "pages/main/works/works",
            "style" : {
                  "navigationBarTitleText": "作品"               
            }
        }
        ,{
            "path" : "pages/main/worker/worker",
            "style" : {
                  "navigationBarTitleText": "用户"               
            }
        }
        ,{
            "path" : "pages/user/purse/purse",
            "style" : {
                //去掉本页导航栏
                "navigationStyle":"custom",
                "app-plus":{
                    "titleView":false
                }
            }
        }
        ,{
            "path" : "pages/user/youhuiquan/youhuiquan",
            "style" : {
                "navigationBarTitleText": "优惠券"
            }
        }
        ,{
            "path" : "pages/user/mybought/mybought",
            "style" : {
                "navigationBarTitleText": "我的订单"
            }
        }
        ,{
            "path" : "pages/user/car/car",
            "style" : {
                //去掉本页导航栏
                "navigationStyle":"custom",
                "app-plus":{
                    "titleView":false
                }
            }
        }
        ,{
            "path" : "pages/user/myusers/myusers",
            "style" : {
                "navigationBarTitleText": "我的延伸用户"
            }
        }
        ,{
            "path" : "pages/user/enter/enter",
            "style" : {
                "navigationBarTitleText": "艺术家入驻"
            }
        }
        ,{
            "path" : "pages/user/set/set",
            "style" : {
                "navigationBarTitleText": "设置"
            }
        }
        ,{
            "path" : "pages/user/myprofile/myprofile",
            "style" : {
                "navigationBarTitleText": "我的首页"
            }
        }
        ,{
            "path" : "pages/user/myprofile/address/address",
            "style" : {
                "navigationStyle":"custom",
                "app-plus":{
                    "titleView":false
                }
			}
        }
        ,{
            "path" : "pages/user/myprofile/address/manage/manage",
            "style" : {
                "navigationStyle":"custom",
                "app-plus":{
                    "titleView":false
                }
            }
        }
        ,{
            "path" : "pages/information/from/from",
            "style" : {
			    "navigationStyle":"custom",
				"app-plus":{
				    "titleView":false
				}
			}
        }
        ,{
            "path" : "pages/user/enter/selfmsg/selfmsg",
            "style" : {
                "navigationBarTitleText": "艺术家入驻"
            }
        }
        ,{
            "path" : "pages/user/enter/picmsg/picmsg",
            "style" : {
                "navigationBarTitleText": "艺术家入驻"
            }
        }
        ,{
            "path" : "pages/user/enter/other/other",
            "style" : {
                "navigationBarTitleText": "艺术家入驻"
            }
        }
        ,{
            "path" : "pages/user/enter/submit/submit",
            "style" : {
                "navigationBarTitleText": "提交成功"
            }
        }
        ,{
            "path" : "pages/user/enter/xieyi/xieyi",
            "style" : {
                "navigationBarTitleText": "艺术家入驻条款"
            }
        }
        ,{
            "path" : "pages/user/ented/ented",
            "style" : {
                //去掉本页导航栏
                "navigationStyle":"custom",
                "app-plus":{
                    "titleView":false
                }
            }
        }
    ],
    "tabBar": {
        "color": "#7a7e83",
        "selectedColor": "#0faeff",
        "backgroundColor": "#ffffff",
        "list": [{
            "pagePath": "pages/main/main",
            "text": "首页",
            "iconPath": "static/img/home.png",
            "selectedIconPath": "static/img/homeHL.png"
        }
        ,{
            "pagePath" : "pages/collection/collection",
            "text": "我的收藏",
            "iconPath": "static/img/home.png",
            "selectedIconPath": "static/img/homeHL.png"
        }
        ,{
            "pagePath" : "pages/publish/publish",
            "text": "发布",
            "iconPath": "static/img/home.png",
            "selectedIconPath": "static/img/homeHL.png"
        }
        ,{
            "pagePath" : "pages/information/information",
            "text": "消息",
            "iconPath": "static/img/home.png",
            "selectedIconPath": "static/img/homeHL.png"
        }
        ,{
            "pagePath": "pages/user/user",
            "text": "我的",
            "iconPath": "static/img/user.png",
            "selectedIconPath": "static/img/userHL.png"
        }]
    },
    "globalStyle": {
        "navigationBarTextStyle": "black",
        "navigationBarBackgroundColor": "#fff",
        "backgroundColor": "#fbf9fe"
    }
}
